employee_id,department,job_role,attrition_probability,years_at_company,monthly_salary,base_severance,min_enhanced_severance,max_enhanced_severance,expected_base_severance_cost,expected_min_enhanced_cost,expected_max_enhanced_cost
0,Sales,Sales Executive,0.0461041082226292,5,8463,10578.75,27504.75,78282.75,487.72383486013865,1268.0819706363604,3609.156377965026
1,Research & Development,Manufacturing Director,0.0090075579574497,4,4450,4450.0,13350.0,40050.0,40.08363291065117,120.2508987319535,360.7526961958605
2,Human Resources,Human Resources,0.3245566001071542,1,1555,388.75,3498.75,12828.75,126.1713782916562,1135.5424046249057,4163.655483624654
3,Research & Development,Research Scientist,0.0103530757383309,1,9724,2431.0,21879.0,80223.0,25.168327119882417,226.51494407894177,830.5547949561197
4,Research & Development,Laboratory Technician,0.0406728241142177,13,5914,20699.0,32527.0,68011.0,841.8867863401922,1322.9649499631591,2766.19944083206
5,Sales,Sales Representative,0.2894878024035343,8,2579,5158.0,10316.0,25790.0,1493.1780847974298,2986.3561695948597,7465.890423987149
6,Research & Development,Laboratory Technician,0.4787716062397634,5,4230,5287.5,13747.5,39127.5,2531.504867992749,6581.912656781147,18733.13602314634
7,Research & Development,Laboratory Technician,0.0896064252569634,3,2232,1674.0,6138.0,19530.0,150.00115588015672,550.0042382272413,1750.013485268495
8,Sales,Sales Executive,0.0490295622996787,19,8865,48757.5,66487.5,119677.5,2390.558883826584,3259.853023399887,5867.735442119797
9,Research & Development,Laboratory Technician,0.0140828168688379,1,2269,567.25,5105.25,18719.25,7.9884778688483,71.89630081963469,263.6197696719939
10,Sales,Sales Representative,0.4381366904868119,3,3294,2470.5,9058.5,28822.5,1082.4166938476687,3968.861210774786,12628.194761556137
11,Sales,Sales Executive,0.0717201111914395,21,10231,63091.16666666667,83553.16666666667,144939.1666666667,4524.905488530975,5992.442403730211,10395.053149327918
12,Research & Development,Healthcare Representative,0.1406223518609513,5,5933,7416.25,19282.25,54880.25,1042.89051698878,2711.515344170828,7717.389825716972
13,Research & Development,Laboratory Technician,0.0321717062940022,7,2213,3872.75,8298.75,21576.75,124.59297555009701,266.98494760735076,694.160863779112
14,Research & Development,Research Scientist,0.0271190691487702,3,3375,2531.25,9281.25,29531.25,68.64514378282458,251.69886053702342,800.86001079962
15,Research & Development,Research Scientist,0.0973768867064541,9,4968,11178.0,21114.0,50922.0,1088.4788396047438,2056.0155859200718,4958.625824866056
16,Research & Development,Healthcare Representative,0.1267481917249071,3,6294,4720.5,17308.5,55072.5,598.3148390374239,2193.8210764705545,6980.339788769946
17,Research & Development,Laboratory Technician,0.1003288364754258,17,2743,13257.833333333334,18743.833333333336,35201.833333333336,1330.1429925184493,1880.5469894226355,3531.7589801351933
18,Research & Development,Manager,0.4273317554134995,10,11849,29622.5,53320.5,124414.5,12658.634924736389,22785.542864525498,53166.266683892834
19,Research & Development,Research Director,0.1321854084182895,14,17007,65193.5,99207.5,201249.5,8617.629423717755,13113.783905657454,26602.24735147655
20,Research & Development,Laboratory Technician,0.5340317570424093,5,3479,4348.75,11306.75,32180.75,2322.3706034381776,6038.1635689392615,17185.542465442515
21,Research & Development,Manufacturing Director,0.0059716060717065,5,5070,6337.5,16477.5,46897.5,37.84505347943995,98.39713904654386,280.0533957478556
22,Sales,Sales Executive,0.0695042356322286,4,9204,9204.0,27612.0,82836.0,639.716984759032,1919.1509542770962,5757.452862831288
23,Sales,Sales Executive,0.2901658205557989,8,5605,11210.0,22420.0,56050.0,3252.758848430506,6505.517696861012,16263.79424215253
24,Sales,Sales Executive,0.1555504205893982,2,6392,3196.0,15980.0,54332.0,497.1391442037166,2485.6957210185833,8451.365451463182
25,Sales,Manager,0.0150852873420412,36,19586,218710.33333333334,257882.33333333334,375398.3333333334,3299.308223006945,3890.2290987693827,5662.991726056697
26,Research & Development,Research Scientist,0.0968015076714789,1,2318,579.5,5215.5,19123.5,56.09647369562202,504.86826326059816,1851.1836319555266
27,Sales,Sales Executive,0.0077326871163633,9,4037,9083.25,17157.25,41379.25,70.23793024970695,132.67164602722423,319.9727933597761
28,Research & Development,Research Scientist,0.1101718191784202,5,3420,4275.0,11115.0,31635.0,470.98452698774634,1224.5597701681404,3485.285499709323
29,Research & Development,Manufacturing Director,0.078555757747379,11,5957,16878.166666666668,28792.166666666668,64534.16666666667,1325.877171886554,2261.790469688827,5069.530363095648
30,Research & Development,Healthcare Representative,0.0112405856553549,7,5294,9264.5,19852.5,51616.5,104.13840580403547,223.15372672293316,580.1996894796262
31,Research & Development,Manufacturing Director,0.002007430506256,8,5472,10944.0,21888.0,54720.0,21.969319460465663,43.938638920931325,109.84659730232832
32,Research & Development,Healthcare Representative,0.0016121882895925,8,4244,8488.0,16976.0,42440.0,13.68425420206114,27.36850840412228,68.4212710103057
33,Research & Development,Manufacturing Director,0.0448979752856855,6,7491,11236.5,26218.5,71164.5,504.49609929760516,1177.1575650277452,3195.141962218166
34,Sales,Sales Executive,0.5845247368849111,2,6134,3067.0,15335.0,52139.0,1792.7373680260225,8963.686840130113,30476.53525644238
35,Sales,Sales Executive,0.0064512915788757,10,7823,19557.5,35203.5,82141.5,126.17113505386149,227.1080430969507,529.9187672262183
36,Research & Development,Research Director,0.00141178591548,9,13757,30953.25,58467.25,141009.25,43.69936238833131,82.54324006684803,199.0748731023982
37,Research & Development,Research Scientist,0.4141099866772418,1,2107,526.75,4740.75,17382.75,218.13243548223713,1963.191919340134,7198.370370913825
38,Research & Development,Laboratory Technician,0.8828552885251035,2,3441,1720.5,8602.5,29248.5,1518.9525239074405,7594.762619537203,25822.19290642649
39,Research & Development,Research Scientist,0.0091706327442247,3,3591,2693.25,9875.25,31421.25,24.698806638383175,90.56229100740498,288.15274411447035
40,Sales,Sales Executive,0.0359358993441744,8,8686,17372.0,34744.0,86860.0,624.2784434069977,1248.5568868139953,3121.3922170349883
41,Sales,Sales Executive,0.085908019599214,8,5473,10946.0,21892.0,54730.0,940.3491825329965,1880.698365065993,4701.745912664982
42,Research & Development,Research Scientist,0.0671206967952485,6,4087,6130.5,14304.5,38826.5,411.4834317032709,960.1280073076322,2606.0617341207158
43,Research & Development,Research Scientist,0.0548183817687099,2,2821,1410.5,7052.5,23978.5,77.32132748476532,386.60663742382656,1314.4625672410104
44,Sales,Sales Representative,0.7253107829237295,1,2851,712.75,6414.75,23520.75,516.9652605288882,4652.687344759994,17059.85359745331
45,Sales,Sales Executive,0.0090618673984174,8,5249,10498.0,20996.0,52490.0,95.13148394858585,190.2629678971717,475.6574197429293
46,Sales,Sales Executive,0.8033129830617283,5,9094,11367.5,29555.5,84119.5,9131.660334954197,23742.31687088091,67574.28647866104
47,Sales,Sales Executive,0.6526910086989616,3,5324,3993.0,14641.0,46585.0,2606.1951977349536,9556.049058361496,30405.610640241124
48,Sales,Sales Executive,0.3575639204701341,4,6796,6796.0,20388.0,61164.0,2430.0044035150313,7290.013210545094,21870.03963163528
49,Research & Development,Research Scientist,0.3202398460474705,1,1859,464.75,4182.75,15336.75,148.8314684505619,1339.4832160550573,4911.438458868543
50,Research & Development,Research Director,0.0148436811234077,3,17861,13395.75,49117.75,156283.75,198.8422414088887,729.0882184992586,2319.826149770368
51,Research & Development,Research Scientist,0.1857507465206252,5,4821,6026.25,15668.25,44594.25,1119.3804362199176,2910.389134171786,8283.41522802739
52,Research & Development,Research Director,0.028820521915434,20,19537,113965.83333333333,153039.8333333333,270261.8333333333,3284.554797194032,4410.6878705177,7789.087090488704
53,Sales,Sales Executive,0.0614321222283165,10,6125,15312.5,27562.5,64312.5,940.6793716210965,1693.2228689179735,3950.853360808605
54,Research & Development,Laboratory Technician,0.095220307255383,5,2974,3717.5,9665.5,27509.5,353.9814922218863,920.3518797769043,2619.4630424419584
55,Research & Development,Research Scientist,0.0598774087098833,8,4998,9996.0,19992.0,49980.0,598.5345774639934,1197.0691549279868,2992.6728873199672
56,Research & Development,Laboratory Technician,0.3692334973603987,7,2741,4796.75,10278.75,26724.75,1771.1207784634923,3795.258810993198,9867.672908582315
57,Research & Development,Healthcare Representative,0.0020233626911703,9,5968,13428.0,25364.0,61172.0,27.16971421703479,51.32057129884349,123.7731425442696
58,Research & Development,Healthcare Representative,0.0553887881979237,5,6142,7677.5,19961.5,56813.5,425.2474213895592,1105.643295612854,3146.830918282738
59,Research & Development,Manufacturing Director,0.1929625336336431,9,5042,11344.5,21428.5,51680.5,2189.063462806864,4134.897651968521,9972.400219453491
60,Human Resources,Human Resources,0.0303047359392036,5,9756,12195.0,31707.0,90243.0,369.5662547785879,960.8722624243285,2734.7902853615506
61,Research & Development,Laboratory Technician,0.5581354046559904,1,1416,354.0,3186.0,11682.0,197.5799332482206,1778.2193992339855,6520.13779719128
62,Research & Development,Manufacturing Director,0.0390593870739754,10,7446,18615.0,33507.0,78183.0,727.0904903820522,1308.762882687694,3053.780059604619
63,Research & Development,Research Director,0.0007768499813428,4,17639,17639.0,52917.0,158751.0,13.70285682090565,41.10857046271695,123.32571138815085
64,Research & Development,Healthcare Representative,0.1902237862423628,1,4777,1194.25,10748.25,39410.25,227.17475671994177,2044.572810479476,7496.766971758078
65,Research & Development,Manufacturing Director,0.6248643997317797,1,5916,1479.0,13311.0,48807.0,924.1744472033021,8317.57002482972,30497.75675770897
66,Sales,Sales Executive,0.0211755072420515,8,6214,12428.0,24856.0,62140.0,263.16920400421606,526.3384080084321,1315.8460200210802
67,Research & Development,Research Scientist,0.0621169697729202,5,4284,5355.0,13923.0,39627.0,332.63637313398766,864.854570148368,2461.5091611915086
68,Research & Development,Research Scientist,0.0050696767603586,5,3310,4137.5,10757.5,30617.5,20.975787595983707,54.537047749557644,155.22082821027945
69,Human Resources,Manager,0.0890859433113045,21,16437,101361.5,134235.5,232857.5,9029.884842948792,11958.496143364615,20744.33004461209
70,Sales,Sales Executive,0.2757120750828052,4,5507,5507.0,16521.0,49563.0,1518.3463974810084,4555.039192443025,13665.117577329074
71,Sales,Manager,0.1723181969292413,2,18947,9473.5,47367.5,161049.5,1632.4564386091674,8162.282193045838,27751.75945635585
72,Sales,Sales Executive,0.1857337063754682,3,9602,7201.5,26405.5,84017.5,1337.5612864629343,4904.391383697426,15604.8816754009
73,Sales,Sales Executive,0.0791330699364468,15,4312,17966.666666666664,26590.666666666664,52462.666666666664,1421.7574898581606,2104.2010849900776,4151.531870385829
74,Research & Development,Healthcare Representative,0.0757117665049431,6,6623,9934.5,23180.5,62918.5,752.1585443433572,1755.0366034678336,4763.670780841262
75,Research & Development,Manager,0.0122905337562388,5,14756,18445.0,47957.0,136493.0,226.69889513382466,589.4171273479442,1677.5718239903026
76,Research & Development,Manufacturing Director,0.0344364217443802,9,4724,10629.0,20077.0,48421.0,366.02472672101715,691.3800393619213,1667.4459772846335
77,Sales,Sales Executive,0.0866823077789513,3,6500,4875.0,17875.0,56875.0,422.5762504223876,1549.4462515487546,4930.056254927856
78,Research & Development,Manufacturing Director,0.2009922470904397,7,10252,17941.0,38445.0,99957.0,3606.0019050495785,7727.146939391954,20090.582042419082
79,Research & Development,Manager,0.1733300684328048,9,11916,26811.0,50643.0,122139.0,4647.152464751929,8777.954655642534,21170.361228314345
80,Research & Development,Manager,0.0002544970429542,7,18606,32560.5,69772.5,181408.5,8.286550967110228,17.75689492952192,46.16792681675699
81,Human Resources,Human Resources,0.2048421306650281,8,6389,12778.0,25556.0,63890.0,2617.472745637729,5234.945491275458,13087.363728188646
82,Sales,Manager,0.0151111531089837,1,17875,4468.75,40218.75,147468.75,67.52796545577091,607.7516891019382,2228.42286004044
83,Sales,Sales Representative,0.1233175177796773,7,2096,3668.0,7860.0,20436.0,452.3286552158563,969.2756897482635,2520.1167933454853
84,Sales,Sales Executive,0.0659569257589265,11,7336,20785.333333333332,35457.33333333333,79473.33333333333,1370.936687541207,2338.6567022761765,5241.816746481086
85,Research & Development,Laboratory Technician,0.058544101184003,5,3162,3952.5,10276.5,29248.5,231.39555992977185,601.6284558174068,1712.3271434803119
86,Sales,Sales Executive,0.1155289772479614,2,7082,3541.0,17705.0,60197.0,409.08810843503136,2045.4405421751567,6954.497843395533
87,Human Resources,Human Resources,0.1947680712447756,2,5985,2992.5,14962.5,50872.5,582.843453199991,2914.217265999955,9908.338704399846
88,Research & Development,Research Scientist,0.0221666004961779,5,5175,6468.75,16818.75,47868.75,143.39019695965078,372.814512095092,1061.0874575014159
89,Research & Development,Laboratory Technician,0.0232787562902185,12,4011,12701.5,20723.5,44789.5,295.67512302021026,482.4173059803431,1042.6438548607414
90,Research & Development,Manufacturing Director,0.0141602012670471,7,5993,10487.75,22473.75,58431.75,148.50865083847322,318.2328232252998,827.4053403857794
91,Research & Development,Research Scientist,0.0993110705170354,0,1232,0.0,2464.0,9856.0,0.0,244.70247775397522,978.8099110159009
92,Sales,Sales Executive,0.531402249932066,20,13341,77822.5,104504.5,184550.5,41355.051595338206,55533.92642802559,98070.55092608774
93,Sales,Sales Representative,0.4228637791435914,1,2476,619.0,5571.0,20427.0,261.7526792898831,2355.7741136089476,8637.838416566141
94,Sales,Sales Executive,0.0533744226899289,5,7428,9285.0,24141.0,68709.0,495.58151467598987,1288.5119381575737,3667.303208602325
95,Research & Development,Manufacturing Director,0.1137130835004256,11,7143,20238.5,34524.5,77382.5,2301.3822404233633,3925.8873513104436,8799.402683971684
96,Sales,Sales Executive,0.0221469746343069,10,8620,21550.0,38790.0,90510.0,477.26730336931365,859.0811460647645,2004.5226741511174
97,Research & Development,Research Scientist,0.1374521733681536,13,4449,15571.5,24469.5,51163.5,2140.336517602204,3363.3859562320345,7032.534272121527
98,Sales,Sales Executive,0.0940987291993766,5,4591,5738.75,14920.75,42466.75,540.0090821929225,1404.0236137015984,3996.0672082276265
99,Sales,Sales Executive,0.066157101117911,3,9071,6803.25,24945.25,79371.25,450.08329818042796,1650.3054266615693,5250.971812104993
100,Research & Development,Manager,0.0443043889017093,36,19045,212669.16666666666,250759.16666666666,365029.1666666666,9422.177467402431,11109.731640668539,16172.394160466858
101,Research & Development,Manufacturing Director,0.0029577281790872,9,7655,17223.75,32533.75,78463.75,50.94317072455316,96.2259891463782,232.0744444118533
102,Sales,Sales Executive,0.0077244634675906,9,7654,17221.5,32529.5,78453.5,133.0268476071115,251.27293436898842,606.0111946546191
103,Sales,Sales Representative,0.0715560759667849,1,2534,633.5,5701.5,20905.5,45.33077412495823,407.9769671246241,1495.9155461236217
104,Research & Development,Healthcare Representative,0.0119157376564986,15,10999,45829.16666666667,67827.16666666667,133821.1666666667,546.0883270159504,808.2107239836066,1594.5779148865754
105,Sales,Sales Executive,0.1545184486189078,8,8740,17480.0,34960.0,87400.0,2700.982481858508,5401.964963717016,13504.912409292541
106,Research & Development,Manufacturing Director,0.0042471382491155,1,5258,1314.5,11830.5,43378.5,5.582863228462325,50.245769056160924,184.23448653925672
107,Sales,Sales Executive,0.4593041870966111,0,4648,0.0,9296.0,37184.0,0.0,4269.691723250096,17078.766893000386
108,Research & Development,Research Director,0.0724857338799161,5,13664,17080.0,44408.0,126392.0,1238.0563346689669,3218.946470139314,9161.616876550355
109,Research & Development,Manager,0.0068738128305507,24,19202,137614.33333333334,176018.33333333334,291230.3333333334,945.9351701343477,1209.9170780788168,2001.8628019122243
110,Sales,Sales Executive,0.7918008943971668,2,5440,2720.0,13600.0,46240.0,2153.6984327602936,10768.49216380147,36612.873356924996
111,Research & Development,Laboratory Technician,0.6818953220504617,10,5769,14422.5,25960.5,60574.5,9834.635282272784,17702.34350809101,41305.46818554569
112,Sales,Sales Executive,0.0083032858770277,9,6932,15597.0,29461.0,71053.0,129.50634982400103,244.62310522311304,589.9733714204491
113,Research & Development,Manufacturing Director,0.0864488242119689,6,9957,14935.5,34849.5,94591.5,1291.1564140178614,3012.69829937501,8177.323955446455
114,Research & Development,Laboratory Technician,0.1433223999080042,1,1702,425.5,3829.5,14041.5,60.98368116085578,548.853130447702,2012.4614783082409
115,Research & Development,Research Scientist,0.1278223824577348,6,3452,5178.0,12082.0,32794.0,661.8642963661508,1544.350024854352,4191.807210318955
116,Sales,Sales Executive,0.2012970013628216,4,5473,5473.0,16419.0,49257.0,1101.6984884587227,3305.095465376168,9915.286396128504
117,Research & Development,Manufacturing Director,0.0356043442594784,10,9980,24950.0,44910.0,104790.0,888.3283892739861,1598.991100693175,3730.9792349507416
118,Research & Development,Manager,0.0122255547946447,8,15379,30758.0,61516.0,153790.0,376.0336143736817,752.0672287473634,1880.1680718684086
119,Research & Development,Laboratory Technician,0.1963940193103834,5,3838,4797.5,12473.5,35501.5,942.2003076415643,2449.7207998680674,6972.282276547576
120,Research & Development,Research Scientist,0.010653196534661,3,2066,1549.5,5681.5,18077.5,16.50712803045722,60.52613611167647,192.58316035533423
121,Research & Development,Healthcare Representative,0.0026047011268566,9,8500,19125.0,36125.0,87125.0,49.814909051132474,94.09482820769468,226.93458567738128
122,Research & Development,Laboratory Technician,0.3725997562811405,7,2838,4966.5,10642.5,27670.5,1850.5166895702844,3965.3929062220377,10310.021556177298
123,Research & Development,Manufacturing Director,0.0130108246866735,3,12965,9723.75,35653.75,113443.75,126.51400654704145,463.8846906724853,1475.9967430488168
124,Research & Development,Manufacturing Director,0.598885059407186,15,5980,24916.666666666664,36876.666666666664,72756.66666666666,14922.219396895714,22084.884707405658,43572.88063893549
125,Human Resources,Human Resources,0.6125178353017185,1,2564,641.0,5769.0,21153.0,392.6239324284016,3533.6153918556142,12956.589770137252
126,Sales,Sales Executive,0.0546705487547922,4,4950,4950.0,14850.0,44550.0,270.61921633622137,811.8576490086642,2435.5729470259926
127,Research & Development,Healthcare Representative,0.0951761935652129,18,12169,62873.16666666667,87211.16666666667,160225.1666666667,5984.028680724558,8300.42687971471,15249.621476685166
128,Research & Development,Healthcare Representative,0.1161217251973728,20,4553,26559.166666666668,35665.16666666667,62983.16666666667,3084.0962531378905,4141.500682785168,7313.713971726997
129,Sales,Sales Executive,0.1831347160665133,8,6929,13858.0,27716.0,69290.0,2537.880895249741,5075.761790499482,12689.404476248706
130,Research & Development,Laboratory Technician,0.0126783276471724,11,3812,10800.666666666666,18424.666666666664,41296.666666666664,136.93439080789335,233.59396078993572,523.5726707360628
131,Research & Development,Research Scientist,0.0836684615812976,0,1514,0.0,3028.0,12112.0,0.0,253.34810166816916,1013.3924066726767
132,Sales,Sales Executive,0.0451626293345531,18,10266,53041.0,73573.0,135169.0,2395.4710225340314,3322.7501280310753,6104.587444522208
133,Research & Development,Research Scientist,0.1055110398741494,13,4508,15778.0,24794.0,51842.0,1664.7531871343294,2616.0407226396605,5469.903329155653
134,Research & Development,Laboratory Technician,0.0092198338677493,8,4420,8840.0,17680.0,44200.0,81.50333139090381,163.00666278180762,407.516656954519
135,Research & Development,Laboratory Technician,0.3940489206435338,8,5429,10858.0,21716.0,54290.0,4278.58318034749,8557.16636069498,21392.91590173745
136,Research & Development,Research Scientist,0.075899741105104,3,3230,2422.5,8882.5,28262.5,183.86712282711446,674.1794503660863,2145.1164329830017
137,Research & Development,Healthcare Representative,0.1648077759022629,1,9824,2456.0,22104.0,81048.0,404.7678976159577,3642.911078543619,13357.340621326603
138,Human Resources,Human Resources,0.2638170050248416,3,2696,2022.0,7414.0,23590.0,533.4379841602298,1955.9392752541758,6223.443148536014
139,Research & Development,Manufacturing Director,0.0078938855436087,12,13973,44247.833333333336,72193.83333333334,156031.83333333334,349.28733188600717,569.8898572876959,1231.697433492762
140,Research & Development,Laboratory Technician,0.6025944329087989,4,2154,2154.0,6462.0,19386.0,1297.9884084855528,3893.9652254566586,11681.895676369975
141,Research & Development,Manufacturing Director,0.0691619392153358,10,7406,18515.0,33327.0,77763.0,1280.5333045719424,2304.959948229496,5378.239879202158
142,Research & Development,Manufacturing Director,0.0026970335799964,3,4374,3280.5,12028.5,38272.5,8.84761865917819,32.441268416986695,103.22221769041222
143,Sales,Sales Executive,0.0462560705360734,9,8726,19633.5,37085.5,89441.5,908.168560869997,1715.42950386555,4137.212332852208
144,Research & Development,Healthcare Representative,0.00100811824702,15,13966,58191.666666666664,86123.66666666666,169919.66666666666,58.66408099117217,86.8228398669348,171.29911649422272
145,Research & Development,Research Scientist,0.0478555723556116,7,2718,4756.5,10192.5,26500.5,227.62502990946658,487.76792123457125,1268.1965952098853
146,Research & Development,Research Scientist,0.0191190778248912,4,4869,4869.0,14607.0,43821.0,93.09078992939524,279.27236978818576,837.8171093645573
147,Research & Development,Laboratory Technician,0.7969524362321699,2,2625,1312.5,6562.5,22312.5,1046.0000725547231,5230.000362773615,17782.001233430292
148,Research & Development,Research Scientist,0.1284553195759225,1,2956,739.0,6651.0,24387.0,94.92848116660672,854.3563304994605,3132.6398784980215
149,Sales,Sales Executive,0.7413289125715536,6,5744,8616.0,20104.0,54568.0,6387.289910716506,14903.676458338514,40452.83610120454
150,Sales,Sales Executive,0.0284050770339017,13,5484,19194.0,30162.0,63066.0,545.2070485887093,856.7539334965431,1791.3945882200446
151,Sales,Sales Executive,0.0145716659427467,7,10096,17668.0,37860.0,98436.0,257.4521938764487,551.68327259239,1434.3765087402141
152,Research & Development,Research Scientist,0.0362807086579822,2,4257,2128.5,10642.5,36184.5,77.22348837851511,386.1174418925755,1312.7993024347568
153,Research & Development,Laboratory Technician,0.7233536063937792,3,3730,2797.5,10257.5,32637.5,2023.5817138865973,7419.79961758419,23608.45332867697
154,Sales,Sales Executive,0.2343153845652079,5,6120,7650.0,19890.0,56610.0,1792.5126919238403,4660.532999001985,13264.593920236419
155,Research & Development,Laboratory Technician,0.2505529738238591,2,4031,2015.5,10077.5,34263.5,504.98951874198804,2524.94759370994,8584.821818613796
156,Sales,Sales Executive,0.1484253440239522,5,8346,10432.5,27124.5,77200.5,1548.4474015298813,4025.963243977691,11458.51077132112
157,Research & Development,Laboratory Technician,0.2078767973349287,2,2523,1261.5,6307.5,21445.5,262.2365798380126,1311.1828991900627,4458.021857246214
158,Research & Development,Research Director,0.0052614233750825,2,19627,9813.5,49067.5,166829.5,51.63297829137211,258.1648914568606,877.760630953326
159,Research & Development,Laboratory Technician,0.0274644460517384,8,2370,4740.0,9480.0,23700.0,130.18147428524,260.36294857048,650.9073714262
160,Research & Development,Manufacturing Director,0.0549255935302399,5,4855,6068.75,15778.75,44908.75,333.32969573664343,866.6572089152728,2466.6397484511613
161,Sales,Sales Executive,0.0375288563200029,10,5337,13342.5,24016.5,56038.5,500.7287654496387,901.3117778093496,2103.0608148884826
162,Sales,Sales Executive,0.0021616214460104,8,5154,10308.0,20616.0,51540.0,22.2819938654752,44.5639877309504,111.40996932737602
163,Research & Development,Laboratory Technician,0.2395083579736673,2,2587,1293.5,6467.5,21989.5,309.80406103893864,1549.0203051946933,5266.669037661957
164,Research & Development,Laboratory Technician,0.0101635613063699,15,3986,16608.333333333336,24580.333333333336,48496.333333333336,168.79981402996012,249.82372476434094,492.8954569674835
165,Research & Development,Manufacturing Director,0.1915869819240912,0,6877,0.0,13754.0,55016.0,0.0,2635.0873493839504,10540.349397535801
166,Research & Development,Laboratory Technician,0.2374306004637238,10,2206,5515.0,9927.0,23163.0,1309.4297615574367,2356.9735708033863,5499.604998541235
167,Research & Development,Research Scientist,0.045387840815273,2,3902,1951.0,9755.0,33167.0,88.55167743059762,442.7583871529881,1505.3785163201596
168,Research & Development,Manager,0.1323027606155032,27,17046,139209.0,173301.0,275577.0,18417.735002523583,22928.20071742732,36459.59786213852
169,Research & Development,Manufacturing Director,0.0318189331374863,16,8095,36427.5,52617.5,101187.5,1159.0841868657822,1674.2327143616853,3219.678296849395
170,Research & Development,Research Scientist,0.1196915228981751,7,5974,10454.5,22402.5,58246.5,1251.3150261389715,2681.3893417263675,6971.612288488556
171,Research & Development,Manager,0.0661552397703005,19,16823,92526.5,126172.5,227110.5,6121.112792606708,8346.971989918238,15024.54958185283
172,Research & Development,Laboratory Technician,0.4820978457487961,2,2660,1330.0,6650.0,22610.0,641.1901348458988,3205.9506742294943,10900.23229238028
173,Research & Development,Laboratory Technician,0.3956020988251903,4,3597,3597.0,10791.0,32373.0,1422.9807494742097,4268.942248422629,12806.826745267887
174,Research & Development,Research Scientist,0.0555429316052182,7,5055,8846.25,18956.25,49286.25,491.3466587126615,1052.8856972414176,2737.5028128276854
175,Sales,Sales Representative,0.1327182176865831,11,2308,6539.333333333333,11155.333333333332,25003.333333333332,867.8886648584623,1480.5159576997298,3318.3978362235325
176,Research & Development,Research Scientist,0.1039477029195618,2,5484,2742.0,13710.0,46614.0,285.0246014054385,1425.1230070271924,4845.418223892454
177,Research & Development,Healthcare Representative,0.0661077409057002,5,9439,11798.75,30676.75,87310.75,779.9887080111301,2027.9706408289385,5771.916439282363
178,Sales,Sales Executive,0.0306101771002274,22,10447,67905.5,88799.5,151481.5,2078.5993810794916,2718.168421411643,4636.875542408097
179,Research & Development,Research Scientist,0.6693569606753463,6,3760,5640.0,13160.0,35720.0,3775.1732582089535,8808.737602487558,23909.43063532337
180,Research & Development,Manufacturing Director,0.0686296983264165,19,13402,73711.0,100515.0,180927.0,5058.7636933384865,6898.314127279754,12416.965429103557
181,Sales,Sales Executive,0.0756983864092652,7,5253,9192.75,19698.75,51216.75,695.8763416637727,1491.1635892795127,3877.0253321267332
182,Research & Development,Manager,0.0049107441525766,22,19232,125008.0,163472.0,278864.0,613.8823050252955,802.7691681100019,1369.4297573641209
183,Research & Development,Manufacturing Director,0.0800005579747876,2,8376,4188.0,20940.0,71196.0,335.0423367984105,1675.2116839920523,5695.719725572978
184,Sales,Sales Executive,0.0436680755502755,11,8020,22723.333333333332,38763.33333333333,86883.33333333333,992.2842367540935,1692.7201685805123,3794.0279640597696
185,Research & Development,Research Scientist,0.0105064956565053,0,1706,0.0,3412.0,13648.0,0.0,35.84816317999608,143.3926527199843
186,Research & Development,Manufacturing Director,0.2888055080670001,4,7945,7945.0,23835.0,71505.0,2294.559761592316,6883.6792847769475,20651.037854330843
187,Research & Development,Healthcare Representative,0.0297046325971001,4,10496,10496.0,31488.0,94464.0,311.7798237391627,935.3394712174879,2806.018413652464
188,Research & Development,Healthcare Representative,0.001281381453601,9,8926,20083.5,37935.5,91491.5,25.734624423395683,48.60984613308073,117.23551126213589
189,Research & Development,Research Scientist,0.0070840909717776,8,3660,7320.0,14640.0,36600.0,51.85554591341203,103.71109182682406,259.27772956706013
190,Research & Development,Healthcare Representative,0.0009997036027117,5,6513,8141.25,21167.25,60245.25,8.138836955576627,21.160976084499232,60.22739347126704
191,Sales,Sales Executive,0.0749904232857888,21,7637,47094.83333333333,62368.83333333333,108190.83333333333,3531.661486240342,4677.06521150748,8113.276387308894
192,Human Resources,Human Resources,0.2565435091653636,10,7988,19970.0,35946.0,83874.0,5123.173878032311,9221.71298045816,21517.33028773571
193,Research & Development,Research Scientist,0.312591118056757,4,5410,5410.0,16230.0,48690.0,1691.1179486870553,5073.353846061166,15220.061538183498
194,Research & Development,Manufacturing Director,0.0907388894560407,8,6549,13098.0,26196.0,65490.0,1188.497974095221,2376.995948190442,5942.489870476105
195,Research & Development,Research Scientist,0.0721972471785997,0,2290,0.0,4580.0,18320.0,0.0,330.6633920779866,1322.6535683119464
196,Research & Development,Laboratory Technician,0.3530480381570549,1,2559,639.75,5757.75,21111.75,225.86248241097587,2032.7623416987826,7453.461919562204
197,Research & Development,Manager,0.1198014472352794,24,18430,132081.66666666666,168941.66666666666,279521.6666666666,15823.574819914427,20239.456165006824,33487.10020028402
198,Research & Development,Laboratory Technician,0.0127026224134098,9,5363,12066.75,22792.75,54970.75,153.2793690070127,289.5276970132462,698.2726810319467
199,Research & Development,Manufacturing Director,0.0318956376533943,1,6553,1638.25,14744.25,54062.25,52.25302838567321,470.27725547105894,1724.3499367272161
200,Research & Development,Laboratory Technician,0.2923378468476347,5,3708,4635.0,12051.0,34299.0,1354.985920138787,3522.963392360846,10026.895809027023
201,Sales,Sales Executive,0.0384687210842948,5,4968,6210.0,16146.0,45954.0,238.8907579334707,621.1159706270238,1767.791608707683
202,Sales,Sales Executive,0.437642879001959,3,4538,3403.5,12479.5,39707.5,1489.5175386831675,5461.564308504947,17377.704617970285
203,Human Resources,Manager,0.0134204330493403,22,19189,124728.5,163106.5,278240.5,1673.9104835946416,2188.9598631622234,3734.1080018649695
204,Research & Development,Research Director,0.000574680547779,5,14814,18517.5,48145.5,137029.5,10.641647043497633,27.668282313093847,78.74818812188249
205,Research & Development,Laboratory Technician,0.1314739791301798,1,2496,624.0,5616.0,20592.0,82.0397629772322,738.3578667950898,2707.3121782486623
206,Sales,Sales Executive,0.0683924151731658,9,9069,20405.25,38543.25,92957.25,1395.5643297122415,2636.0659561231228,6357.570835355767
207,Research & Development,Laboratory Technician,0.0072288659293163,7,2570,4497.5,9637.5,25057.5,32.51182451710006,69.66819539378584,181.1373080238432
208,Research & Development,Laboratory Technician,0.0930583480369879,12,3673,11631.166666666666,18977.166666666664,41015.166666666664,1082.377155742879,1765.983780422592,3816.803654461731
209,Research & Development,Manager,0.0800107823092029,29,19566,172833.0,211965.0,329361.0,13828.503538846466,16959.485472170192,26352.431272141377
210,Research & Development,Healthcare Representative,0.1391212978230218,20,10124,59056.666666666664,79304.66666666666,140048.66666666666,8216.040111768256,11032.968150088802,19483.752265050436
211,Sales,Sales Representative,0.2731981652161796,2,2351,1175.5,5877.5,19983.5,321.14444321161915,1605.7222160580957,5459.455534597526
212,Research & Development,Laboratory Technician,0.0286284306653503,3,3669,2751.75,10089.75,32103.75,78.77828408337768,288.85370830571816,919.0799809727397
213,Sales,Sales Executive,0.3096905556488506,1,7351,1837.75,16539.75,60645.75,569.1338186436752,5122.204367793077,18781.416015241284
214,Research & Development,Manufacturing Director,0.030563190578949,9,9936,22356.0,42228.0,101844.0,683.2706885829839,1290.6224117678585,3112.677581322482
215,Research & Development,Laboratory Technician,0.0197284093415636,11,2564,7264.666666666667,12392.666666666668,27776.666666666668,143.32031773001236,244.48760083355052,547.989450144165
216,Sales,Sales Executive,0.0105640897729308,1,6653,1663.25,14969.25,54887.25,17.57072231482715,158.1365008334444,579.833836389296
217,Research & Development,Healthcare Representative,0.0030515736150001,12,6377,20193.833333333332,32947.83333333333,71209.83333333333,61.62296898570952,100.54273887142078,217.30204852855462
218,Human Resources,Human Resources,0.4943878437170244,2,6410,3205.0,16025.0,54485.0,1584.513039113063,7922.565195565316,26936.72166492207
219,Research & Development,Healthcare Representative,0.0004922346157733,8,10466,20932.0,41864.0,104660.0,10.303454977366716,20.606909954733432,51.517274886833576
220,Research & Development,Laboratory Technician,0.0489076828089584,3,2042,1531.5,5615.5,17867.5,74.9021162219198,274.6410928137059,873.8580225890643
221,Research & Development,Laboratory Technician,0.3918331177343016,6,2886,4329.0,10101.0,27417.0,1696.2455666717915,3957.90632223418,10742.888588921347
222,Research & Development,Research Director,0.0107780317697324,5,13603,17003.75,44209.75,125827.75,183.2669577045873,476.494090031927,1356.175487013946
223,Sales,Sales Executive,0.909220205285682,5,5765,7206.25,18736.25,53326.25,6552.068104339946,17035.37707128386,48485.3039721156
224,Research & Development,Manufacturing Director,0.3544229106236565,8,5321,10642.0,21284.0,53210.0,3771.7686148569524,7543.537229713905,18858.843074284763
225,Research & Development,Research Scientist,0.4537075601626744,9,2235,5028.75,9498.75,22908.75,2281.5818931680487,4309.654687095203,10393.873068876666
226,Sales,Sales Executive,0.0860895174396601,3,4779,3584.25,13142.25,41816.25,308.56635288310173,1131.409960571373,3599.940783636187
227,Research & Development,Research Scientist,0.0399089179680851,7,5878,10286.5,22042.5,57310.5,410.5230846787074,879.6923243115158,2287.200043209941
228,Sales,Sales Executive,0.0840598484524163,13,10377,36319.5,57073.5,119335.5,3053.011665867534,4797.589760648982,10031.324044993326
229,Research & Development,Research Scientist,0.0517714944540265,3,3452,2589.0,9493.0,30205.0,134.0363991414746,491.46679685207357,1563.7579899838704
230,Research & Development,Laboratory Technician,0.5240233688154674,1,5094,1273.5,11461.5,42025.5,667.3437601864978,6006.093841678479,22022.344086154426
231,Sales,Sales Executive,0.2191412272013005,3,4233,3174.75,11640.75,37038.75,695.7186110573288,2550.9682405435387,8116.717129002169
232,Research & Development,Manager,0.0358573030237716,0,18061,0.0,36122.0,144488.0,0.0,1295.2374998246778,5180.949999298711
233,Sales,Sales Executive,0.0775446036621179,14,9888,37904.0,57680.0,117008.0,2939.250657208917,4472.772739230961,9073.338985297092
234,Research & Development,Laboratory Technician,0.4881685236205329,1,4272,1068.0,9612.0,35244.0,521.3639832267291,4692.275849040562,17205.01144648206
235,Research & Development,Laboratory Technician,0.011413416220401,10,3069,7672.5,13810.5,32224.5,87.56943595102668,157.62498471184801,367.791630994312
236,Research & Development,Healthcare Representative,0.0003760816858769,13,6306,22071.0,34683.0,72519.0,8.30049888898906,13.043641111268522,27.27306777810691
237,Research & Development,Laboratory Technician,0.0974078106860616,7,3691,6459.25,13841.25,35987.25,629.1814011739433,1348.24585965845,3505.43923511197
238,Research & Development,Manufacturing Director,0.0340421902618465,5,13726,17157.5,44609.5,126965.5,584.0788794176314,1518.6050864858416,4322.183707690472
239,Research & Development,Manager,0.0083083734447844,2,19513,9756.5,48782.5,165860.5,81.060645514039,405.30322757019496,1378.0309737386629
240,Research & Development,Laboratory Technician,0.0584633603003564,9,2707,6090.75,11504.75,27746.75,356.0857117493957,672.6063444155253,1622.168242413914
241,Human Resources,Human Resources,0.0282148087018844,10,4490,11225.0,20205.0,47145.0,316.7112276786524,570.0802098215743,1330.18715625034
242,Sales,Sales Executive,0.6706060160149986,4,5326,5326.0,15978.0,47934.0,3571.6476412958823,10714.942923887647,32144.828771662942
243,Research & Development,Manager,0.014700447824286,25,19190,143925.0,182305.0,297445.0,2115.761953110363,2679.9651406064595,4372.57470309475
244,Research & Development,Manufacturing Director,0.0221210655905805,10,9434,23585.0,42453.0,99057.0,521.7253319538411,939.1055975169139,2191.2463942061327
245,Research & Development,Manufacturing Director,0.4124239053169932,5,4440,5550.0,14430.0,41070.0,2288.952674509312,5951.276953724212,16938.24979136891
246,Research & Development,Research Scientist,0.0179779515368288,7,2768,4844.0,10380.0,26988.0,87.0851972443987,186.61113695228295,485.1889560759356
247,Research & Development,Laboratory Technician,0.6315979349573008,3,5562,4171.5,15295.5,48667.5,2634.71078567438,9660.606214139394,30738.292499534437
248,Research & Development,Healthcare Representative,0.031497239309591,3,4876,3657.0,13409.0,42665.0,115.1854041551743,422.34648190230575,1343.8297151437
249,Sales,Sales Executive,0.0123427660008289,9,5390,12127.5,22907.5,55247.5,149.68689467505249,282.741912163988,681.9069646307946
250,Research & Development,Laboratory Technician,0.2889261087380746,5,6782,8477.5,22041.5,62733.5,2449.3710868270277,6368.364825750272,18125.346042520003
251,Human Resources,Manager,0.2733537717165656,21,19141,118036.16666666666,156318.16666666666,271164.1666666666,32265.631357298487,42730.160446152055,74123.74771271273
252,Sales,Manager,0.4645464952111857,33,19068,193858.0,231994.0,346402.0,90056.05446865004,107771.9996100238,160919.83503414513
253,Research & Development,Laboratory Technician,0.0077310470927422,7,5915,10351.25,22181.25,57671.25,80.0260012187477,171.48428832588792,445.8591496473086
254,Research & Development,Manufacturing Director,0.0643387784106857,1,6516,1629.0,14661.0,53757.0,104.80787003100701,943.2708302790631,3458.6597110232315
255,Research & Development,Research Scientist,0.0022688892300673,10,5775,14437.5,25987.5,60637.5,32.75708825909664,58.96275886637395,137.5797706882059
256,Research & Development,Research Scientist,0.1669485557284157,3,2201,1650.75,6052.75,19258.75,275.5903283686822,1010.4978706851681,3215.2204976346256
257,Research & Development,Research Scientist,0.0998376415263627,1,2479,619.75,5577.75,20451.75,61.87437833596328,556.8694050236695,2041.8544850867881
258,Research & Development,Research Scientist,0.5327154759550861,1,3617,904.25,8138.25,29840.25,481.70796913238655,4335.371722191479,15896.362981368757
259,Research & Development,Research Director,0.0029583889083366,14,17603,67478.16666666667,102684.16666666667,208302.1666666667,199.62665982155517,303.7796997284535,616.2388194491485
260,Sales,Sales Executive,0.122806245349308,1,6334,1583.5,14251.5,52255.5,194.4636895106292,1750.173205595663,6417.301753850764
261,Research & Development,Research Scientist,0.021018991761757,11,3579,10140.5,17298.5,38772.5,213.14308596009684,363.5970289907534,814.9588580827233
262,Research & Development,Research Scientist,0.072652923664868,1,1274,318.5,2866.5,10510.5,23.13995618726046,208.25960568534413,763.6185541795951
263,Research & Development,Healthcare Representative,0.3089470033623429,8,5063,10126.0,20252.0,50630.0,3128.397356047084,6256.794712094168,15641.98678023542
264,Sales,Sales Executive,0.0796581932885015,5,9998,12497.5,32493.5,92481.5,995.5282706230475,2588.3735036199237,7366.909202610552
265,Research & Development,Laboratory Technician,0.0414959150852318,26,7403,57990.166666666664,72796.16666666666,117214.16666666666,2406.3550317784398,3020.7435505303815,4863.909106786207
266,Sales,Manager,0.0012780779332005,7,19517,34154.75,73188.75,190290.75,43.65243228897978,93.54092633352809,243.20640846717305
267,Sales,Sales Executive,0.0129510476717966,9,8412,18927.0,35751.0,86223.0,245.12447928409424,463.01290531440026,1116.6781834053181
268,Research & Development,Laboratory Technician,0.3815126185866815,6,4425,6637.5,15487.5,42037.5,2532.2900058690984,5908.67668036123,16037.836703837624
269,Sales,Sales Executive,0.1904780116849949,1,4978,1244.5,11200.5,41068.5,237.04988554197615,2133.448969877785,7822.646222885213
270,Research & Development,Research Scientist,0.1061775934747563,6,2859,4288.5,10006.5,27160.5,455.34260961649244,1062.466089105149,2883.8365275711185
271,Research & Development,Research Director,0.0019285686590723,5,19161,23951.25,62273.25,177239.25,46.191630095605426,120.0982382485741,341.8180627074802
272,Research & Development,Laboratory Technician,0.1845551568956913,6,4876,7314.0,17066.0,46322.0,1349.8364175350862,3149.6183075818676,8548.963977722213
273,Research & Development,Laboratory Technician,0.741615136692875,9,6074,13666.5,25814.5,62258.5,10135.283265613176,19144.423946158222,46171.845987793364
274,Sales,Sales Executive,0.0678377591261145,7,7140,12495.0,26775.0,69615.0,847.6328002808008,1816.3560006017158,4722.525601564461
275,Sales,Sales Executive,0.0737722972662891,10,5476,13690.0,24642.0,57498.0,1009.9427495754978,1817.896949235896,4241.759548217091
276,Human Resources,Human Resources,0.0519025879222703,7,3423,5990.25,12836.25,33374.25,310.9094773013797,666.2345942172421,1732.2099449648297
277,Research & Development,Manufacturing Director,0.0485092214993564,1,4765,1191.25,10721.25,39311.25,57.78661011110832,520.0794909999748,1906.9581336665744
278,Research & Development,Laboratory Technician,0.0190953362595221,9,6472,14562.0,27506.0,66338.0,278.0662866111608,525.2363191544149,1266.746416784177
279,Sales,Sales Executive,0.0876431316593529,10,9241,23102.5,41584.5,97030.5,2024.7754491602004,3644.595808488361,8504.056886472841
280,Research & Development,Research Scientist,0.0052777762260495,4,4258,4258.0,12774.0,38322.0,22.472771170518772,67.4183135115563,202.25494053466895
281,Sales,Sales Executive,0.3703472612135989,2,4736,2368.0,11840.0,40256.0,876.9823145538022,4384.911572769011,14908.699347414637
282,Research & Development,Research Scientist,0.2551792214777306,8,2367,4734.0,9468.0,23670.0,1208.0184344755767,2416.0368689511533,6040.092172377883
283,Research & Development,Healthcare Representative,0.0105618187928054,7,9715,17001.25,36431.25,94721.25,179.5641217511828,384.78026089539173,1000.4286783280185
284,Research & Development,Healthcare Representative,0.1569093270174071,7,13964,24437.0,52365.0,136149.0,3834.393224324377,8216.556909266523,21363.04796409296
285,Research & Development,Research Scientist,0.0166050019552893,4,2977,2977.0,8931.0,26793.0,49.43309082089625,148.29927246268875,444.89781738806624
286,Sales,Sales Executive,0.1645458975914242,4,4898,4898.0,14694.0,44082.0,805.9458064027958,2417.8374192083875,7253.512257625162
287,Research & Development,Laboratory Technician,0.0427294596162151,3,2332,1749.0,6413.0,20405.0,74.73382486876021,274.0240245187874,871.8946234688691
288,Research & Development,Manufacturing Director,0.013632695392908,13,4306,15071.0,23683.0,49519.0,205.45835226651647,322.8631249902402,675.0774431614112
289,Sales,Sales Executive,0.0103005288716288,6,6274,9411.0,21959.0,59603.0,96.93827721089863,226.18931349209683,613.9424223356914
290,Research & Development,Manufacturing Director,0.0566974177501374,0,5121,0.0,10242.0,40968.0,0.0,580.6949525969072,2322.779810387629
291,Research & Development,Research Director,0.0314394186645465,3,16880,12660.0,46420.0,147700.0,398.02304029315866,1459.4178144082484,4643.602136753518
292,Research & Development,Research Scientist,0.0385420181961234,1,4680,1170.0,10530.0,38610.0,45.094161289464374,405.8474516051794,1488.1073225523244
293,Sales,Sales Executive,0.0636301201553233,7,4537,7939.75,17013.75,44235.75,505.20724650322813,1082.5869567926318,2814.7260876608425
294,Research & Development,Laboratory Technician,0.5317005157138429,1,2296,574.0,5166.0,18942.0,305.1960960197458,2746.7648641777123,10071.471168651613
295,Research & Development,Research Scientist,0.0791215359086011,0,1051,0.0,2102.0,8408.0,0.0,166.31346847987953,665.2538739195181
296,Sales,Sales Executive,0.0178038169630319,3,6931,5198.25,19060.25,60646.25,92.54869152808058,339.34520226962877,1079.7347344942734
297,Research & Development,Manufacturing Director,0.0187129242532758,5,5295,6618.75,17208.75,48978.75,123.85616740136919,322.0260352435599,916.535638770132
298,Research & Development,Laboratory Technician,0.0799078997420932,10,4197,10492.5,18886.5,44068.5,838.4336380439129,1509.1805484790432,3521.421279784434
299,Human Resources,Human Resources,0.1593532771839953,10,3886,9715.0,17487.0,40803.0,1548.1170878425144,2786.610758116526,6502.091768938561
300,Research & Development,Healthcare Representative,0.0050343496884388,14,6687,25633.5,39007.5,79129.5,129.04800273859598,196.3773954717765,398.36557367131803
301,Human Resources,Human Resources,0.2276808978861284,6,2177,3265.5,7619.5,20681.5,743.4919720471523,1734.8146014433555,4708.782489631964
302,Sales,Sales Representative,0.4541518149635862,0,2322,0.0,4644.0,18576.0,0.0,2109.0810286908945,8436.324114763578
303,Research & Development,Manufacturing Director,0.1111283408748784,1,9679,2419.75,21777.75,79851.75,268.902802831987,2420.125225487883,8873.79249345557
304,Sales,Sales Executive,0.1045844716566402,0,6644,0.0,13288.0,53152.0,0.0,1389.718459373435,5558.87383749374
305,Sales,Sales Executive,0.0199445828715218,18,6201,32038.5,44440.5,81646.5,638.9945183292513,886.3472351018646,1628.4053854197048
306,Sales,Sales Executive,0.1261925216223269,5,4850,6062.5,15762.5,44862.5,765.0421623353567,1989.1096220719276,5661.31200128164
307,Research & Development,Research Scientist,0.0142625990852476,5,4401,5501.25,14303.25,40709.25,78.46212321771836,204.00152036606772,580.6197118111158
308,Human Resources,Human Resources,0.1413376120786086,6,6077,9115.5,21269.5,57731.5,1288.3630029025567,3006.1803401059656,8159.632351716192
309,Research & Development,Research Scientist,0.8298531608463623,10,3348,8370.0,15066.0,35154.0,6945.870956284052,12502.567721311294,29172.65801639302
310,Sales,Sales Executive,0.1127489819224131,1,13194,3298.5,29686.5,108850.5,371.9025168710796,3347.1226518397166,12272.783056745628
311,Research & Development,Research Scientist,0.0551338088599212,3,2622,1966.5,7210.5,22942.5,108.42063512303504,397.54232878446186,1264.9074097687421
312,Research & Development,Laboratory Technician,0.1104310876657455,5,2774,3467.5,9015.5,25659.5,382.91979648097254,995.5914708505285,2833.6064939591965
313,Sales,Sales Representative,0.1352234418331236,2,2791,1395.5,6977.5,23723.5,188.704313078124,943.5215653906199,3207.9733223281078
314,Sales,Manager,0.0225006695256487,34,16856,176988.0,210700.0,311836.0,3982.348498005512,4740.891069054181,7016.518782200188
315,Sales,Sales Executive,0.061782473778223,5,5006,6257.5,16269.5,46305.5,386.6038296672304,1005.169957134799,2860.868339537505
316,Sales,Manager,0.0362876998002837,22,18213,118384.5,154810.5,264088.5,4295.901197006686,5617.71694993182,9583.164208707221
317,Research & Development,Laboratory Technician,0.1597550985005671,4,2207,2207.0,6621.0,19863.0,352.5795023907516,1057.7385071722547,3173.2155215167645
318,Research & Development,Research Director,0.0169166630377556,2,19328,9664.0,48320.0,164288.0,163.4826315968701,817.4131579843505,2779.204737146792
319,Sales,Manager,0.0047352364230698,16,16291,73309.5,105891.5,203637.5,347.1378145570355,501.42128769349574,964.2717071028763
320,Research & Development,Healthcare Representative,0.0148119823534492,7,7094,12414.5,26602.5,69166.5,183.8833549268951,394.03576055763233,1024.4929774498441
321,Research & Development,Research Scientist,0.004175098124964,17,2115,10222.5,14452.5,27142.5,42.67994058244449,60.3406056510422,113.32260085683536
322,Research & Development,Research Scientist,0.0187778158295787,10,4285,10712.5,19282.5,44992.5,201.15735207436182,362.0832337338513,844.8608787123197
323,Research & Development,Research Director,0.039602085996659,10,11935,29837.5,53707.5,125317.5,1181.627240925313,2126.929033665563,4962.834411886314
324,Research & Development,Healthcare Representative,0.0174663172689443,3,8008,6006.0,22022.0,70070.0,104.90270151727947,384.64323889669134,1223.8648510349271
325,Research & Development,Healthcare Representative,0.0109111011291455,4,6465,6465.0,19395.0,58185.0,70.54026879992566,211.62080639977697,634.8624191993309
326,Sales,Sales Executive,0.0323137368480029,7,4960,8680.0,18600.0,48360.0,280.48323584066515,601.0355053728539,1562.6923139694202
327,Sales,Sales Executive,0.1106354086762435,14,10400,39866.666666666664,60666.666666666664,123066.66666666666,4410.66495922624,6711.881459692105,13615.530961089698
328,Research & Development,Healthcare Representative,0.0114291242598427,2,5033,2516.5,12582.5,42780.5,28.761391199894156,143.80695599947077,488.94365039820065
329,Research & Development,Manager,0.0136065312872277,5,11244,14055.0,36543.0,104007.0,191.23979724198531,497.22347282916184,1415.1744995906913
330,Research & Development,Laboratory Technician,0.0992643166611393,5,3294,4117.5,10705.5,30469.5,408.7208238522411,1062.6741420158269,3024.534096506584
331,Research & Development,Laboratory Technician,0.124632051045752,3,2818,2113.5,7749.5,24657.5,263.40983988519685,965.8360795790551,3073.1147986606297
332,Research & Development,Research Director,0.0001319790019644,10,17779,44447.5,80005.5,186679.5,5.866136689812669,10.559046041662805,24.63777409721321
333,Research & Development,Research Director,0.0028132948009194,8,19740,39480.0,78960.0,197400.0,111.0688787402979,222.1377574805958,555.3443937014895
334,Research & Development,Manufacturing Director,0.0106276482866288,10,9547,23867.5,42961.5,100243.5,253.6553954811129,456.5797118660032,1065.352661020674
335,Research & Development,Research Scientist,0.1656862830967891,6,3102,4653.0,10857.0,29469.0,770.9382752493597,1798.8559755818392,4882.609076579278
336,Sales,Sales Executive,0.0080693491882748,7,6893,12062.75,25848.75,67206.75,97.33854192086184,208.58258983041824,542.3147335590875
337,Sales,Sales Executive,0.0948045987238611,7,6834,11959.5,25627.5,66631.5,1133.8155984380169,2429.6048537957504,6316.9726198689505
338,Research & Development,Laboratory Technician,0.1351414028875407,3,3629,2721.75,9979.75,31753.75,367.8211133091639,1348.6774154669342,4291.246321940245
339,Research & Development,Research Scientist,0.0230997706732064,13,5329,18651.5,29309.5,61283.5,430.84537271130915,677.0427285463429,1415.6347960514443
340,Sales,Sales Executive,0.0639363951841099,5,4684,5855.0,15223.0,43327.0,374.34759380296344,973.303743887705,2770.1721941419296
341,Sales,Sales Executive,0.3577514279886472,9,5772,12987.0,24531.0,59163.0,4646.117795288561,8776.000279989505,21165.647734092334
342,Research & Development,Manufacturing Director,0.0069922098832365,10,4319,10797.5,19435.5,45349.5,75.49838621424611,135.897095185643,317.09322209983367
343,Research & Development,Research Scientist,0.0033228849409341,10,2700,6750.0,12150.0,28350.0,22.429473351305177,40.373052032349314,94.20378807548174
344,Research & Development,Research Scientist,0.019699515976873,1,2061,515.25,4637.25,17003.25,10.150175607083813,91.35158046375432,334.9557950337658
345,Research & Development,Healthcare Representative,0.1579782339925298,4,4617,4617.0,13851.0,41553.0,729.3855063435101,2188.1565190305305,6564.469557091591
346,Research & Development,Laboratory Technician,0.8579753338945896,2,3722,1861.0,9305.0,31637.0,1596.6920963778311,7983.460481889156,27143.76563842313
347,Sales,Sales Executive,0.0275631127782934,8,6439,12878.0,25756.0,64390.0,354.9577663588624,709.9155327177248,1774.788831794312
348,Sales,Sales Representative,0.0806238218026662,9,2655,5973.75,11283.75,27213.75,481.6265554936772,909.7390492658346,2194.076530582307
349,Sales,Sales Executive,0.0102585638708908,10,5343,13357.5,24043.5,56101.5,137.02876690542388,246.65178042976297,575.5208210027803
350,Research & Development,Research Scientist,0.0305927700897048,5,2187,2733.75,7107.75,20229.75,83.6329852327305,217.4457616050993,618.8840907222057
351,Research & Development,Laboratory Technician,0.079295546747506,2,2288,1144.0,5720.0,19448.0,90.71410547914687,453.5705273957343,1542.1397931454967
352,Sales,Manager,0.017854257664705,1,18303,4575.75,41181.75,150999.75,81.69661950927392,735.2695755834652,2695.988443806039
353,Research & Development,Healthcare Representative,0.0017831904899501,23,10748,73444.66666666666,94940.66666666666,159428.66666666666,130.96583113755509,169.29729390952244,284.2916822254245
354,Sales,Sales Executive,0.0754389240561301,5,4260,5325.0,13845.0,39405.0,401.7122705988928,1044.4519035571213,2972.670802431807
355,Research & Development,Research Scientist,0.1430346865561616,6,3622,5433.0,12677.0,34409.0,777.107452059626,1813.2507214724608,4921.680529710965
356,Research & Development,Laboratory Technician,0.2698086735814261,5,3955,4943.75,12853.75,36583.75,1333.866630018175,3468.0532380472555,9870.613062134496
357,Sales,Sales Executive,0.810126319883573,23,12936,88396.0,114268.0,191884.0,71611.92617242831,92571.51432045612,155450.27876453951
358,Research & Development,Manufacturing Director,0.0009299670002623,7,5206,9110.5,19522.5,50758.5,8.472464355889684,18.15528076262075,47.203729982813954
359,Research & Development,Manufacturing Director,0.4907465143340879,5,6032,7540.0,19604.0,55796.0,3700.2287180790227,9620.594667005458,27381.69251378477
360,Sales,Sales Representative,0.1505084007362593,2,2783,1391.5,6957.5,23655.5,209.4324396245048,1047.162198122524,3560.3514736165816
361,Human Resources,Human Resources,0.3675734352456614,7,2741,4796.75,10278.75,26724.75,1763.1578755146263,3778.195447531342,9823.308163581489
362,Sales,Sales Executive,0.4577001059073162,5,6397,7996.25,20790.25,59172.25,3659.8844718613773,9515.69962683958,27083.14509177419
363,Research & Development,Laboratory Technician,0.3269333525023239,2,4364,2182.0,10910.0,37094.0,713.3685751600708,3566.842875800354,12127.265777721203
364,Research & Development,Research Scientist,0.1197748549368519,8,3936,7872.0,15744.0,39360.0,942.8676580628982,1885.7353161257963,4714.338290314491
365,Research & Development,Research Scientist,0.0807178741051077,9,3319,7467.75,14105.75,34019.75,602.780904348418,1138.586152658123,2746.0018975872376
366,Human Resources,Human Resources,0.0867106450108174,2,2187,1093.5,5467.5,18589.5,94.81809031932883,474.0904515966442,1611.90753542859
367,Research & Development,Research Scientist,0.008098170255006,8,5467,10934.0,21868.0,54670.0,88.54539356823561,177.09078713647122,442.72696784117807
368,Research & Development,Laboratory Technician,0.2460095240984638,3,2062,1546.5,5670.5,18042.5,380.45372901827426,1394.997006400339,4438.626838546533
369,Sales,Sales Executive,0.0741289681148754,1,6815,1703.75,15333.75,56223.75,126.29722942571897,1136.6750648314708,4167.808571048726
370,Sales,Sales Executive,0.0771330163952304,13,4759,16656.5,26174.5,54728.5,1284.7660875871552,2018.9181376369581,4221.374287786367
371,Sales,Sales Executive,0.0170266845664859,7,4105,7183.75,15393.75,40023.75,122.31544525449308,262.1045255453423,681.4717664178901
372,Sales,Sales Executive,0.0455719031415784,10,5396,13490.0,24282.0,56658.0,614.7649733798926,1106.5769520838066,2582.012888195549
373,Research & Development,Healthcare Representative,0.1905539363719937,30,11245,103079.16666666667,125569.16666666667,193039.1666666667,19642.140966278133,23927.69899528427,36784.37308230269
374,Sales,Sales Executive,0.0769732699029794,10,6578,16445.0,29601.0,69069.0,1265.8254235544962,2278.485762398093,5316.466778928884
375,Sales,Sales Representative,0.4247218684480531,1,2716,679.0,6111.0,22407.0,288.38614867622806,2595.4753380860525,9516.742906315525
376,Sales,Sales Executive,0.7141510038195437,2,4157,2078.5,10392.5,35334.5,1484.3628614389215,7421.814307194608,25234.168644461664
377,Research & Development,Research Director,0.0497931273192752,9,12808,28818.0,54434.0,131282.0,1434.9383430868727,2710.4390924974264,6536.941340729088
378,Sales,Sales Executive,0.0531661632523245,2,6804,3402.0,17010.0,57834.0,180.87128738440794,904.3564369220397,3074.811885534935
379,Research & Development,Research Scientist,0.181319372872124,2,2695,1347.5,6737.5,22907.5,244.32785494518708,1221.6392747259354,4153.57353406818
380,Sales,Sales Representative,0.1376836796631413,5,2430,3037.5,7897.5,22477.5,418.2141769767917,1087.3568601396585,3094.7849096282584
381,Research & Development,Laboratory Technician,0.2189555219298584,0,2871,0.0,5742.0,22968.0,0.0,1257.242606921247,5028.970427684988
382,Research & Development,Healthcare Representative,0.0077051012981945,8,7879,15758.0,31516.0,78790.0,121.41698625694893,242.83397251389786,607.0849312847447
383,Human Resources,Human Resources,0.3272247796335758,3,2073,1554.75,5700.75,18138.75,508.752726135302,1865.4266624961074,5935.448471578524
384,Research & Development,Healthcare Representative,0.0091747611032963,6,4523,6784.5,15830.5,42968.5,62.24616670531375,145.24105564573208,394.22572246698707
385,Research & Development,Laboratory Technician,0.0630142224912188,5,5231,6538.75,17000.75,48386.75,412.0342473144569,1071.289043017588,3049.0534301269813
386,Research & Development,Healthcare Representative,0.0601164501037729,9,5582,12559.5,23723.5,57215.5,755.0325550783358,1426.1726040368565,3439.5927509124185
387,Research & Development,Laboratory Technician,0.0349808883244086,7,2741,4796.75,10278.75,26724.75,167.79457607010696,359.5598058645149,934.8554952477388
388,Research & Development,Laboratory Technician,0.4964126664072949,0,1420,0.0,2840.0,11360.0,0.0,1409.8119725967176,5639.2478903868705
389,Sales,Sales Executive,0.5099933492741892,22,13770,89505.0,117045.0,199665.0,45646.9547267863,59692.17156579747,101827.82208283097
390,Research & Development,Research Scientist,0.0404220119974595,1,2585,646.25,5816.25,21326.25,26.1227252533582,235.1045272802238,862.0499333608207
391,Research & Development,Healthcare Representative,0.0252578563523142,6,10552,15828.0,36932.0,100244.0,399.78135034442914,932.8231508036681,2531.948552181385
392,Research & Development,Research Scientist,0.0182532303598948,2,2543,1271.5,6357.5,21615.5,23.20898240260624,116.0449120130312,394.55270084430606
393,Research & Development,Laboratory Technician,0.3420821024408211,1,3161,790.25,7112.25,26078.25,270.3303814538589,2432.97343308473,8920.902587977344
394,Research & Development,Laboratory Technician,0.1671911364644205,10,6323,15807.5,28453.5,66391.5,2642.8738896613268,4757.173001390389,11100.070336577573
395,Research & Development,Research Scientist,0.0286628969610633,4,2897,2897.0,8691.0,26073.0,83.03641249620037,249.10923748860114,747.3277124658034
396,Research & Development,Healthcare Representative,0.008302864481667,40,10312,128900.0,149524.0,211396.0,1070.2392316868763,1241.4775087567764,1755.192339966477
397,Sales,Sales Representative,0.2612572493326155,3,2275,1706.25,6256.25,19906.25,445.7701816737752,1634.4906661371758,5200.652119527377
398,Sales,Sales Representative,0.2009377662625862,2,2789,1394.5,6972.5,23706.5,280.20771505317646,1401.0385752658822,4763.531155903999
399,Research & Development,Healthcare Representative,0.0030704062916758,9,7625,17156.25,32406.25,78156.25,52.676657941562944,99.50035388961889,239.97144173378675
400,Research & Development,Manufacturing Director,0.011161893657421,5,7756,9695.0,25207.0,71743.0,108.2145590086966,281.3578534226112,800.7877366643548
401,Research & Development,Research Scientist,0.0236279742415191,2,2377,1188.5,5942.5,20204.5,28.08184738604545,140.40923693022725,477.39140556277266
402,Sales,Sales Executive,0.0265926678571943,8,5296,10592.0,21184.0,52960.0,281.669537943402,563.339075886804,1408.34768971701
403,Research & Development,Research Scientist,0.5414610851872087,5,3058,3822.5,9938.5,28286.5,2069.7349981281054,5381.310995133073,15316.03898614798
404,Research & Development,Research Scientist,0.180894415885428,4,2439,2439.0,7317.0,21951.0,441.20148034455895,1323.6044410336767,3970.81332310103
405,Research & Development,Manufacturing Director,0.0038527111888639,14,6474,24817.0,37765.0,76609.0,95.61273357403542,145.49763804744518,295.1523514676745
406,Sales,Sales Executive,0.574074251174709,5,5869,7336.25,19074.25,54288.25,4211.552225180459,10950.035785469194,31165.486466335395
407,Research & Development,Healthcare Representative,0.0082667019232013,4,9396,9396.0,28188.0,84564.0,77.67393127039941,233.02179381119822,699.0653814335947
408,Research & Development,Manufacturing Director,0.3915569280790314,3,4663,3497.25,12823.25,40801.25,1369.3724667243926,5021.03237798944,15976.012111784581
409,Research & Development,Laboratory Technician,0.2386094227688487,5,4200,5250.0,13650.0,38850.0,1252.6994695364556,3257.0186207947845,9269.976074569771
410,Research & Development,Research Scientist,0.1386421708020417,6,2141,3211.5,7493.5,20339.5,445.2493315307569,1038.9151069050995,2819.912433028127
411,Sales,Sales Executive,0.0244027615734141,10,9852,24630.0,44334.0,103446.0,601.0400175531893,1081.8720315957407,2524.368073723395
412,Sales,Sales Executive,0.0129482117841159,10,6799,16997.5,30595.5,71389.5,220.08722980051002,396.157013640918,924.3663651621421
413,Human Resources,Human Resources,0.2981992309238515,10,5743,14357.5,25843.5,60301.5,4281.395457989198,7706.5118243805555,17981.86092355463
414,Research & Development,Laboratory Technician,0.6635323968111746,1,2380,595.0,5355.0,19635.0,394.8017761026489,3553.21598492384,13028.458611387414
415,Research & Development,Laboratory Technician,0.1437812250860337,3,2362,1771.5,6495.5,20667.5,254.7084402399087,933.9309475463318,2971.5984694656013
416,Sales,Sales Executive,0.0564459313346379,5,6583,8228.75,21394.75,60892.75,464.4794574699016,1207.6465894217442,3437.147985277272
417,Research & Development,Manufacturing Director,0.0558619961183699,7,6261,10956.75,23478.75,61044.75,612.0659259699494,1311.5698413641774,3410.081587546861
418,Research & Development,Research Scientist,0.4208395387115088,4,3424,3424.0,10272.0,30816.0,1440.9545805482062,4322.863741644618,12968.591224933856
419,Research & Development,Research Scientist,0.0247114268706074,2,2506,1253.0,6265.0,21301.0,30.963417868871073,154.81708934435537,526.3781037708083
420,Research & Development,Research Scientist,0.0550017778307462,6,4678,7017.0,16373.0,44441.0,385.9474750383461,900.5441084228075,2444.334008576192
421,Sales,Sales Executive,0.0195139965312654,9,7644,17199.0,32487.0,78351.0,335.6212263412336,633.951205311219,1528.9411422211751
422,Sales,Sales Executive,0.0307799672165056,2,4127,2063.5,10317.5,35079.5,63.514462351259304,317.57231175629653,1079.7458599714082
423,Research & Development,Laboratory Technician,0.0601826228010843,5,2426,3032.5,7884.5,22440.5,182.50380364428815,474.5098894751492,1350.5281469677323
424,Research & Development,Manager,0.0920482226383117,7,17181,30066.75,64428.75,167514.75,2767.590898010458,5930.551924308124,15419.435003201124
425,Sales,Sales Executive,0.0520071155598757,16,10325,46462.5,67112.5,129062.5,2416.380606700725,3490.327543012158,6712.168351946458
426,Sales,Sales Executive,0.0828909720417438,10,4554,11385.0,20493.0,47817.0,943.7137166952531,1698.6846900514556,3963.597610120063
427,Research & Development,Laboratory Technician,0.1331093797151885,1,3688,922.0,8298.0,30426.0,122.72684809740379,1104.5416328766341,4049.985987214325
428,Research & Development,Research Director,0.0032007751952883,13,11691,40918.5,64300.5,134446.5,130.9709198284043,205.81144544463535,430.33302229332844
429,Research & Development,Research Scientist,0.7421572934639401,8,4485,8970.0,17940.0,44850.0,6657.150922371543,13314.301844743086,33285.754611857716
430,Research & Development,Healthcare Representative,0.0018911641540815,1,9824,2456.0,22104.0,81048.0,4.644699162424164,41.80229246181748,153.2750723599974
431,Research & Development,Manufacturing Director,0.2993553840637074,5,5485,6856.25,17826.25,50736.25,2052.4553519867936,5336.383915165664,15188.169604702272
432,Research & Development,Laboratory Technician,0.1605619598645432,6,3500,5250.0,12250.0,33250.0,842.9502892888518,1966.8840083406542,5338.685165496061
433,Sales,Sales Representative,0.132214502759992,2,2342,1171.0,5855.0,19907.0,154.82318273195062,774.1159136597531,2631.9941064431605
434,Sales,Sales Executive,0.3915365711068824,3,10854,8140.5,29848.5,94972.5,3187.303457095576,11686.77934268378,37185.20699944839
435,Research & Development,Manufacturing Director,0.0140296422166717,15,6567,27362.5,40496.5,79898.5,383.8860851536794,568.1514060274455,1120.9473686487438
436,Sales,Sales Executive,0.0815825441169845,4,4373,4373.0,13119.0,39357.0,356.76046542357324,1070.2813962707196,3210.844188812159
437,Sales,Sales Executive,0.1562098517487903,5,6349,7936.25,20634.25,58728.25,1239.720435941337,3223.273133447476,9173.931225965893
438,Research & Development,Research Scientist,0.7285919012716687,3,3464,2598.0,9526.0,30310.0,1892.8817595037954,6940.566451513916,22083.62052754428
439,Human Resources,Human Resources,0.0135753082878735,5,5204,6505.0,16913.0,48137.0,88.30738041261712,229.5991890728045,653.4746150533667
440,Research & Development,Laboratory Technician,0.656006179744599,1,2074,518.5,4666.5,17110.5,340.13920419757454,3061.252837778171,11224.593738519961
